<?xml version="1.0" encoding="UTF-8"?>
<!-- Produced by Beyond Compare 3 from Scooter Software -->
<BCFileFormats>
	<TTextFormat Value="MS Excel Workbooks">
		<CharPerLine Value="4096"/>
		<CodePageDetect Value="True"/>
		<ColBased Value="False"/>
		<CommentCaseSig Value="False"/>
		<ConvertKind Value="convertApp"/>
		<ConvertLoadApp Value="wscript Helpers\XLS_to_CSV.vbs %s %t"/>
		<ConvertNoEdit Value="True"/>
		<ConvertSaveApp Value=""/>
		<CtrlZIsEOF Value="False"/>
		<Description>
			<_0 Value="- Compares the text contents of Microsoft Excel workbooks."/>
			<_1 Value="- Requires:"/>
			<_2 Value="    Microsoft Excel 97 or higher (2007 for XLSM, XLSX)"/>
			<_3 Value="    Windows Scripting Host"/>
		</Description>
		<DirectiveCaseSig Value="True"/>
		<EnvironVarCaseSig Value="True"/>
		<IdentifierCaseSig Value="True"/>
		<KeywordCaseSig Value="True"/>
		<LabelCaseSig Value="True"/>
		<LineBased Value="False"/>
		<LineNumCaseSig Value="True"/>
		<Mask Value="*.xls;*.xlsm;*.xlsx"/>
		<NumberCaseSig Value="True"/>
		<OperatorCaseSig Value="True"/>
		<StringCaseSig Value="True"/>
		<TabAsSpaces Value="False"/>
		<TabSize Value="8"/>
		<TidyLeadingWS Value="False"/>
		<TrimTrailingWS Value="False"/>
	</TTextFormat>
	<TTextFormat Value="MS Excel Workbooks With Formulas">
		<CharPerLine Value="4096"/>
		<CodePageDetect Value="True"/>
		<ColBased Value="False"/>
		<CommentCaseSig Value="False"/>
		<ConvertKind Value="convertApp"/>
		<ConvertLoadApp Value="wscript Helpers\XLS_to_CSV_Formulas.vbs %s %t"/>
		<ConvertNoEdit Value="True"/>
		<ConvertSaveApp Value=""/>
		<CtrlZIsEOF Value="False"/>
		<Description>
			<_0 Value="- Compares the text contents of Microsoft Excel workbooks with formulas."/>
			<_1 Value="- Requires:"/>
			<_2 Value="    Microsoft Excel 97 or higher (2007 for XLSM, XLSX)"/>
			<_3 Value="    Windows Scripting Host"/>
		</Description>
		<DirectiveCaseSig Value="True"/>
		<EnvironVarCaseSig Value="True"/>
		<IdentifierCaseSig Value="True"/>
		<KeywordCaseSig Value="True"/>
		<LabelCaseSig Value="True"/>
		<LineBased Value="False"/>
		<LineNumCaseSig Value="True"/>
		<Mask Value="*.xls;*.xlsm;*.xlsx"/>
		<NumberCaseSig Value="True"/>
		<OperatorCaseSig Value="True"/>
		<StringCaseSig Value="True"/>
		<TabAsSpaces Value="False"/>
		<TabSize Value="8"/>
		<TidyLeadingWS Value="False"/>
		<TrimTrailingWS Value="False"/>
	</TTextFormat>
	<TTextFormat Value="MS PowerPoint Documents">
		<CharPerLine Value="4096"/>
		<CodePageDetect Value="True"/>
		<ColBased Value="False"/>
		<CommentCaseSig Value="False"/>
		<ConvertKind Value="convertApp"/>
		<ConvertLoadApp Value="wscript Helpers\PPT_to_TXT.vbs %s %t"/>
		<ConvertNoEdit Value="True"/>
		<ConvertSaveApp Value=""/>
		<CtrlZIsEOF Value="False"/>
		<Description>
			<_0 Value="- Compares the text contents of Microsoft PowerPoint documents."/>
			<_1 Value="- Requires:"/>
			<_2 Value="    Microsoft PowerPoint 97 or higher (2007 for PPTX)"/>
			<_3 Value="    Windows Scripting Host"/>
		</Description>
		<DirectiveCaseSig Value="True"/>
		<EnvironVarCaseSig Value="True"/>
		<IdentifierCaseSig Value="True"/>
		<KeywordCaseSig Value="True"/>
		<LabelCaseSig Value="True"/>
		<LineBased Value="False"/>
		<LineNumCaseSig Value="True"/>
		<Mask Value="*.ppt;*.pptx"/>
		<NumberCaseSig Value="True"/>
		<OperatorCaseSig Value="True"/>
		<StringCaseSig Value="True"/>
		<TabAsSpaces Value="False"/>
		<TabSize Value="8"/>
		<TidyLeadingWS Value="False"/>
		<TrimTrailingWS Value="False"/>
	</TTextFormat>
	<TTextFormat Value="MS Word Documents Extended">
		<CharPerLine Value="4096"/>
		<CodePage Value="65001"/>
		<CodePageDetect Value="False"/>
		<ColBased Value="False"/>
		<CommentCaseSig Value="True"/>
		<ConvertKind Value="convertApp"/>
		<ConvertLoadApp Value="wscript Helpers\DOC_to_TXT.vbs %s %t"/>
		<ConvertNoEdit Value="True"/>
		<ConvertSaveApp Value=""/>
		<CtrlZIsEOF Value="False"/>
		<Description>
			<_0 Value="- Compares the text contents of Microsoft Word documents."/>
			<_1 Value="- Slower than built-in but works for more files."/>
			<_2 Value="- Requires:"/>
			<_3 Value="    Microsoft Word XP or higher (2007 for DOCM, DOCX)"/>
			<_4 Value="    Windows Scripting Host"/>
		</Description>
		<DirectiveCaseSig Value="True"/>
		<EnvironVarCaseSig Value="True"/>
		<IdentifierCaseSig Value="True"/>
		<KeywordCaseSig Value="True"/>
		<LabelCaseSig Value="True"/>
		<LineBased Value="False"/>
		<LineNumCaseSig Value="True"/>
		<Mask Value="*.doc;*.docm;*.docx"/>
		<NumberCaseSig Value="True"/>
		<OperatorCaseSig Value="True"/>
		<StringCaseSig Value="True"/>
		<TabAsSpaces Value="False"/>
		<TabSize Value="8"/>
		<TidyLeadingWS Value="False"/>
		<TrimTrailingWS Value="False"/>
	</TTextFormat>
</BCFileFormats>
